variable_id,tier,analysis_rule,analysis_level,data_type,allowed_values,critical,reliability_method,jointly_applicable_pairs,rc5_target_status
eligibility_confirmed,existing_handling,retain_existing_contract,paper,nominal,Y|N,Y,Cohen_kappa_and_AC1,,not_in_rc5_target_set
study_family_id,existing_handling,retain_existing_contract,paper,text,free_text,N,exact_match,,not_in_rc5_target_set
publication_year,existing_handling,retain_existing_contract,paper,integer,2022:2100,N,ICC_A1,,not_in_rc5_target_set
country,existing_handling,retain_existing_contract,paper,text,ISO_or_reported,N,exact_match,,not_in_rc5_target_set
task_type,existing_handling,retain_existing_contract,paper,nominal,documentation_handover|care_plan_diagnosis|decision_triage|patient_education_QA|nursing_exam|education_simulation|other,N,Cohen_kappa_and_AC1,,not_in_rc5_target_set
setting_type,existing_handling,retain_existing_contract,paper,nominal,live_workflow|real_data_offline|simulation_synthetic|education_exam|mixed,N,Cohen_kappa_and_AC1,,not_in_rc5_target_set
study_design,existing_handling,retain_existing_contract,paper,nominal,cross_sectional_benchmark|development_validation|randomized_trial|nonrandomized_trial|implementation|mixed_methods|other,N,Cohen_kappa_and_AC1,,not_in_rc5_target_set
direct_output_evaluation,existing_handling,retain_existing_contract,paper,nominal,Y|N|NR,Y,Cohen_kappa_and_AC1,,not_in_rc5_target_set
model_developer_reported,existing_handling,retain_existing_contract,paper,nominal,Y|N|NR,N,Cohen_kappa_and_AC1,,not_in_rc5_target_set
model_name_reported,existing_handling,retain_existing_contract,paper,nominal,Y|N|NR,Y,Cohen_kappa_and_AC1,,not_in_rc5_target_set
model_exact_version_reported,existing_handling,retain_existing_contract,paper,nominal,Y|N|NR,Y,Cohen_kappa_and_AC1,,not_in_rc5_target_set
model_version_text,existing_handling,retain_existing_contract,paper,text,free_text,N,exact_match,,not_in_rc5_target_set
model_access_date_reported,existing_handling,retain_existing_contract,paper,nominal,Y|N|NR,Y,Cohen_kappa_and_AC1,,not_in_rc5_target_set
model_openness,existing_handling,retain_existing_contract,model,nominal,open_weights|closed_proprietary|mixed|unclear,N,Cohen_kappa_and_AC1,,not_in_rc5_target_set
system_prompt_reported,conditional_prevalence_limited,conditional_subset_or_prevalence_limited,paper,nominal,Y|N|NR|NA,Y,Cohen_kappa_and_AC1,4,revise
full_user_prompt_reported,existing_handling,retain_existing_contract,paper,nominal,Y|N|NR,Y,Cohen_kappa_and_AC1,,not_in_rc5_target_set
prompt_examples_only,existing_handling,retain_existing_contract,paper,nominal,Y|N|NR,N,Cohen_kappa_and_AC1,,not_in_rc5_target_set
temperature_reported,existing_handling,retain_existing_contract,paper,nominal,Y|N|NR|NA,N,Cohen_kappa_and_AC1,,not_in_rc5_target_set
top_p_reported,existing_handling,retain_existing_contract,paper,nominal,Y|N|NR|NA,N,Cohen_kappa_and_AC1,,not_in_rc5_target_set
max_tokens_reported,existing_handling,retain_existing_contract,paper,nominal,Y|N|NR|NA,N,Cohen_kappa_and_AC1,,not_in_rc5_target_set
random_seed_reported,existing_handling,retain_existing_contract,paper,nominal,Y|N|NR|NA,N,Cohen_kappa_and_AC1,,not_in_rc5_target_set
run_count_reported,existing_handling,retain_existing_contract,paper,nominal,Y|N|NR,Y,Cohen_kappa_and_AC1,,not_in_rc5_target_set
repeated_runs_per_input,exploratory_two_stage,applicability_then_exploratory_reporting,paper,nominal,Y|N|NR|NA,Y,Cohen_kappa_and_AC1,10,revise
output_variability_assessed,existing_handling,retain_existing_contract,paper,nominal,Y|N|NR|NA,Y,Cohen_kappa_and_AC1,,not_in_rc5_target_set
model_drift_addressed,existing_handling,retain_existing_contract,paper,nominal,Y|N|NR|NA,N,Cohen_kappa_and_AC1,,not_in_rc5_target_set
reference_standard_used,existing_handling,retain_existing_contract,paper,nominal,Y|N|NR|NA,Y,Cohen_kappa_and_AC1,,not_in_rc5_target_set
reference_standard_source_reported,existing_handling,retain_existing_contract,paper,nominal,Y|N|NR|NA,Y,Cohen_kappa_and_AC1,,not_in_rc5_target_set
reference_standard_method,rc5_pass_quantitative,stable_quantitative_with_applicable_denominator,paper,nominal,answer_key|guideline|expert_consensus|human_output|dataset_label|mixed|other|NA,N,Cohen_kappa_and_AC1,9,pass
expert_number_reported,existing_handling,retain_existing_contract,paper,nominal,Y|N|NR|NA,N,Cohen_kappa_and_AC1,,not_in_rc5_target_set
expert_qualification_reported,existing_handling,retain_existing_contract,paper,nominal,Y|N|NR|NA,Y,Cohen_kappa_and_AC1,,not_in_rc5_target_set
reference_standard_formation_reported,exploratory_two_stage,applicability_then_exploratory_reporting,paper,nominal,Y|N|NR|NA,Y,Cohen_kappa_and_AC1,9,revise
human_review_used,existing_handling,retain_existing_contract,paper,nominal,Y|N|NR,Y,Cohen_kappa_and_AC1,,not_in_rc5_target_set
reviewers_independent,rc5_pass_quantitative,stable_quantitative_with_applicable_denominator,paper,nominal,Y|N|NR|NA,Y,Cohen_kappa_and_AC1,7,pass
reviewers_blinded,conditional_prevalence_limited,conditional_subset_or_prevalence_limited,paper,nominal,Y|N|NR|NA,Y,Cohen_kappa_and_AC1,4,revise
reviewer_training_reported,existing_handling,retain_existing_contract,paper,nominal,Y|N|NR|NA,N,Cohen_kappa_and_AC1,,not_in_rc5_target_set
conflict_resolution_reported,existing_handling,retain_existing_contract,paper,nominal,Y|N|NR|NA,Y,Cohen_kappa_and_AC1,,not_in_rc5_target_set
interrater_reliability_reported,exploratory_two_stage,applicability_then_exploratory_reporting,paper,nominal,Y|N|NR|NA,Y,Cohen_kappa_and_AC1,6,revise
factual_error_assessed,existing_handling,retain_existing_contract,paper,nominal,Y|N|NR|NA,Y,Cohen_kappa_and_AC1,,not_in_rc5_target_set
hallucination_assessed,exploratory_two_stage,applicability_then_exploratory_reporting,paper,nominal,Y|N|NR|NA,Y,Cohen_kappa_and_AC1,10,revise
omission_assessed,conditional_prevalence_limited,conditional_subset_or_prevalence_limited,paper,nominal,Y|N|NR|NA,Y,Cohen_kappa_and_AC1,2,revise
contradiction_assessed,exploratory_two_stage,applicability_then_exploratory_reporting,paper,nominal,Y|N|NR|NA,N,Cohen_kappa_and_AC1,12,revise
citation_error_assessed,conditional_prevalence_limited,conditional_subset_or_prevalence_limited,paper,nominal,Y|N|NR|NA,N,Cohen_kappa_and_AC1,0,revise
error_definition_reported,qualitative_only_unstable,qualitative_evidence_synthesis_only,paper,nominal,Y|N|NR|NA,Y,Cohen_kappa_and_AC1,11,revise
potential_harm_assessed,qualitative_only_unstable,qualitative_evidence_synthesis_only,paper,nominal,Y|N|NR|NA,Y,Cohen_kappa_and_AC1,9,revise
harm_severity_graded,conditional_prevalence_limited,conditional_subset_or_prevalence_limited,paper,nominal,Y|N|NR|NA,Y,Cohen_kappa_and_AC1,1,revise
actionability_or_critical_error,exploratory_two_stage,applicability_then_exploratory_reporting,paper,nominal,Y|N|NR|NA,Y,Cohen_kappa_and_AC1,12,revise
bias_assessed,rc5_pass_quantitative,stable_quantitative_with_applicable_denominator,paper,nominal,Y|N|NR|NA,Y,Cohen_kappa_and_AC1,12,pass
fairness_subgroups_assessed,conditional_prevalence_limited,conditional_subset_or_prevalence_limited,paper,nominal,Y|N|NR|NA,Y,Cohen_kappa_and_AC1,0,revise
fairness_dimensions_text,existing_handling,retain_existing_contract,paper,text,free_text,N,exact_match,,not_in_rc5_target_set
deidentification_reported,existing_handling,retain_existing_contract,paper,nominal,Y|N|NR|NA,Y,Cohen_kappa_and_AC1,,not_in_rc5_target_set
sensitive_upload_addressed,conditional_prevalence_limited,conditional_subset_or_prevalence_limited,paper,nominal,Y|N|NR|NA,Y,Cohen_kappa_and_AC1,3,revise
vendor_data_policy_addressed,existing_handling,retain_existing_contract,paper,nominal,Y|N|NR|NA,N,Cohen_kappa_and_AC1,,not_in_rc5_target_set
ethics_or_privacy_approval_reported,existing_handling,retain_existing_contract,paper,nominal,Y|N|NR|NA,N,Cohen_kappa_and_AC1,,not_in_rc5_target_set
human_oversight_point_reported,existing_handling,retain_existing_contract,paper,nominal,Y|N|NR|NA,Y,Cohen_kappa_and_AC1,,not_in_rc5_target_set
nonautomation_boundary_reported,existing_handling,retain_existing_contract,paper,nominal,Y|N|NR|NA,Y,Cohen_kappa_and_AC1,,not_in_rc5_target_set
escalation_or_abstention_reported,conditional_prevalence_limited,conditional_subset_or_prevalence_limited,paper,nominal,Y|N|NR|NA,Y,Cohen_kappa_and_AC1,1,revise
automated_evaluation_used,existing_handling,retain_existing_contract,paper,nominal,Y|N|NR,N,Cohen_kappa_and_AC1,,not_in_rc5_target_set
llm_as_judge_used,exploratory_two_stage,applicability_then_exploratory_reporting,paper,nominal,Y|N|NR|NA,Y,Cohen_kappa_and_AC1,11,revise
judge_model_identified,existing_handling,retain_existing_contract,paper,nominal,Y|N|NR|NA,N,Cohen_kappa_and_AC1,,not_in_rc5_target_set
judge_prompt_reported,existing_handling,retain_existing_contract,paper,nominal,Y|N|NR|NA,N,Cohen_kappa_and_AC1,,not_in_rc5_target_set
judge_independence_addressed,conditional_prevalence_limited,conditional_subset_or_prevalence_limited,paper,nominal,Y|N|NR|NA,Y,Cohen_kappa_and_AC1,0,revise
judge_bias_control_reported,conditional_prevalence_limited,conditional_subset_or_prevalence_limited,paper,nominal,Y|N|NR|NA,Y,Cohen_kappa_and_AC1,0,revise
judge_human_validation,conditional_prevalence_limited,conditional_subset_or_prevalence_limited,paper,nominal,Y|N|NR|NA,Y,Cohen_kappa_and_AC1,0,revise
data_available,existing_handling,retain_existing_contract,paper,ordinal,0_unavailable|1_on_request|2_public|NA,N,weighted_kappa_linear,,not_in_rc5_target_set
prompts_available,exploratory_two_stage,applicability_then_exploratory_reporting,paper,ordinal,0_unavailable|1_partial_or_on_request|2_complete_public|NA,Y,weighted_kappa_linear,12,revise
code_available,existing_handling,retain_existing_contract,paper,ordinal,0_unavailable|1_on_request|2_public|NA,N,weighted_kappa_linear,,not_in_rc5_target_set
instrument_available,exploratory_two_stage,applicability_then_exploratory_reporting,paper,ordinal,0_unavailable|1_partial_or_on_request|2_complete_public|NA,Y,weighted_kappa_linear,6,manual_review_required
output_samples_available,rc5_pass_quantitative,stable_quantitative_with_applicable_denominator,paper,ordinal,0_unavailable|1_selected_examples|2_complete_or_reusable_set|NA,N,weighted_kappa_linear,12,pass
evidence_locator,existing_handling,retain_existing_contract,paper,text,free_text,Y,not_applicable,,not_in_rc5_target_set
coder_notes,existing_handling,retain_existing_contract,paper,text,free_text,N,not_applicable,,not_in_rc5_target_set
